1;adough;C2_SimpleBashUtils;2021-11-14
2;cojess;C2_SimpleBashUtils;2021-11-28
3;jcraster;C2_SimpleBashUtils;2021-11-28
4;esharika;C2_SimpleBashUtils;2021-11-29
5;dpoliwhi;C2_SimpleBashUtils;2021-11-30
6;hlowell;C2_SimpleBashUtils;2021-12-01
7;adough;C3_s21_string+;2021-12-04
8;cojess;C3_s21_string+;2021-12-05
9;jcraster;C3_s21_string+;2021-12-09
10;esharika;C3_s21_string+;2021-12-10
11;dpoliwhi;C3_s21_string+;2021-12-10
12;hlowell;C3_s21_string+;2021-12-11
13;cojess;C3_s21_string+;2021-12-15
14;cojess;C4_s21_math;2021-12-21
15;dpoliwhi;C4_s21_math;2021-12-26
16;adough;C4_s21_math;2021-12-28
17;cojess;C5_s21_decimal;2022-01-15
18;jcraster;C5_s21_decimal;2022-01-16
19;esharika;C5_s21_decimal;2022-01-16
20;hlowell;C5_s21_decimal;2022-01-26
21;dpoliwhi;C5_s21_decimal;2022-01-27
22;adough;C5_s21_decimal;2022-01-28
23;adough;C6_s21_matrix;2022-01-30
24;jcraster;C5_s21_decimal;2022-01-30
25;esharika;C6_s21_matrix;2022-02-10
26;hlowell;C6_s21_matrix;2022-02-11
27;dpoliwhi;C6_s21_matrix;2022-02-15
28;jcraster;C6_s21_matrix;2022-02-18
29;cojess;C6_s21_matrix;2022-02-19
30;adough;C7_SmartCalc_v1;2022-02-25
31;esharika;C7_SmartCalc_v1;2022-02-26
32;hlowell;C7_SmartCalc_v1;2022-03-01
33;dpoliwhi;C7_SmartCalc_v1;2022-03-01
34;jcraster;C7_SmartCalc_v1;2022-03-02
35;cojess;C7_SmartCalc_v1;2022-03-05
36;hlowell;C6_s21_matrix;2022-03-11
37;adough;C7_SmartCalc_v1;2022-03-20
38;esharika;C8_3DViewer_v1;2022-03-25
39;hlowell;C8_3DViewer_v1;2022-03-26
40;dpoliwhi;C8_3DViewer_v1;2022-04-01
41;jcraster;C8_3DViewer_v1;2022-04-02
42;cojess;C8_3DViewer_v1;2022-04-03
43;adough;C8_3DViewer_v1;2022-04-07